note_id,subject_id,diabetes,ckd,heart_failure,atrial_fibrillation,aki
90000001-DS-1,90000001,0,0,0,0,0
90000002-DS-1,90000002,0,0,0,1,1
90000002-DS-2,90000002,0,0,0,1,0
90000002-DS-3,90000002,0,0,0,1,0
90000002-DS-4,90000002,0,0,0,1,0
90000002-DS-5,90000002,0,0,0,1,0
90000002-DS-6,90000002,0,0,0,1,0
90000003-DS-1,90000003,0,0,0,0,0
90000004-DS-1,90000004,1,1,0,0,0
90000004-DS-2,90000004,1,1,0,0,0
90000005-DS-1,90000005,0,0,0,0,0
90000006-DS-1,90000006,0,0,0,0,0
90000007-DS-1,90000007,1,1,1,1,1
90000007-DS-2,90000007,1,1,1,1,0
90000007-DS-3,90000007,1,1,1,1,1
90000007-DS-4,90000007,1,1,1,1,1
90000008-DS-1,90000008,0,0,0,0,0
90000009-DS-1,90000009,0,1,0,0,0
90000009-DS-2,90000009,0,1,0,0,1
90000010-DS-1,90000010,0,0,0,0,0
90000011-DS-1,90000011,0,0,0,0,0
90000011-DS-2,90000011,0,0,0,0,0
90000011-DS-3,90000011,0,0,0,0,0
90000011-DS-4,90000011,0,0,0,0,0
90000011-DS-5,90000011,0,0,0,0,0
90000011-DS-6,90000011,0,0,0,0,0
90000011-DS-7,90000011,0,0,0,0,0
90000011-DS-8,90000011,0,0,0,0,0
90000012-DS-1,90000012,1,0,1,0,0
90000013-DS-1,90000013,0,0,1,0,0
90000013-DS-2,90000013,0,0,1,0,0
90000013-DS-3,90000013,0,0,1,0,1
90000013-DS-4,90000013,0,0,1,0,1
90000014-DS-1,90000014,1,0,0,0,0
90000014-DS-2,90000014,1,0,0,0,0
90000014-DS-3,90000014,1,0,0,0,1
90000015-DS-1,90000015,0,1,1,0,0
90000015-DS-2,90000015,0,1,1,0,1
90000015-DS-3,90000015,0,1,1,0,0
90000015-DS-4,90000015,0,1,1,0,1
90000015-DS-5,90000015,0,1,1,0,0
90000015-DS-6,90000015,0,1,1,0,0
90000015-DS-7,90000015,0,1,1,0,1
90000016-DS-1,90000016,1,0,0,0,1
90000016-DS-2,90000016,1,0,0,0,0
90000016-DS-3,90000016,1,0,0,0,0
90000017-DS-1,90000017,0,0,0,0,0
90000018-DS-1,90000018,0,0,0,1,0
90000019-DS-1,90000019,0,0,0,0,0
90000019-DS-2,90000019,0,0,0,0,0
90000019-DS-3,90000019,0,0,0,0,0
90000019-DS-4,90000019,0,0,0,0,0
90000019-DS-5,90000019,0,0,0,0,0
90000019-DS-6,90000019,0,0,0,0,0
90000020-DS-1,90000020,0,0,0,0,0
90000020-DS-2,90000020,0,0,0,0,0
90000020-DS-3,90000020,0,0,0,0,0
90000020-DS-4,90000020,0,0,0,0,0
90000020-DS-5,90000020,0,0,0,0,0
90000021-DS-1,90000021,0,0,0,1,0
90000021-DS-2,90000021,0,0,0,1,0
90000021-DS-3,90000021,0,0,0,1,0
90000021-DS-4,90000021,0,0,0,1,0
90000021-DS-5,90000021,0,0,0,1,0
90000021-DS-6,90000021,0,0,0,1,0
90000021-DS-7,90000021,0,0,0,1,0
90000022-DS-1,90000022,0,0,0,0,0
90000022-DS-2,90000022,0,0,0,0,0
90000022-DS-3,90000022,0,0,0,0,0
90000022-DS-4,90000022,0,0,0,0,0
90000022-DS-5,90000022,0,0,0,0,0
90000023-DS-1,90000023,1,1,0,1,1
90000024-DS-1,90000024,0,0,0,0,0
90000025-DS-1,90000025,1,0,1,1,0
90000026-DS-1,90000026,0,0,0,0,0
90000026-DS-2,90000026,0,0,0,0,0
90000027-DS-1,90000027,0,0,0,0,0
90000028-DS-1,90000028,0,0,0,0,0
90000029-DS-1,90000029,0,0,0,0,0
90000030-DS-1,90000030,0,0,0,0,0
90000031-DS-1,90000031,1,1,1,1,1
90000031-DS-2,90000031,1,1,1,1,0
90000031-DS-3,90000031,1,1,1,1,1
90000032-DS-1,90000032,0,0,0,0,0
90000033-DS-1,90000033,0,0,0,0,0
90000034-DS-1,90000034,1,0,0,0,0
90000034-DS-2,90000034,1,0,0,0,0
90000035-DS-1,90000035,1,0,0,0,0
90000036-DS-1,90000036,0,0,0,0,0
90000036-DS-2,90000036,0,0,0,0,1
90000036-DS-3,90000036,0,0,0,0,0
90000037-DS-1,90000037,0,0,0,0,0
90000038-DS-1,90000038,0,0,0,0,0
90000039-DS-1,90000039,1,0,0,0,0
90000039-DS-2,90000039,1,0,0,0,0
90000039-DS-3,90000039,1,0,0,0,1
90000040-DS-1,90000040,0,0,0,0,0
90000041-DS-1,90000041,0,0,0,1,0
90000041-DS-2,90000041,0,0,0,1,0
90000041-DS-3,90000041,0,0,0,1,0
90000042-DS-1,90000042,0,0,0,0,0
90000043-DS-1,90000043,0,0,0,0,0
90000044-DS-1,90000044,1,1,0,0,0
90000044-DS-2,90000044,1,1,0,0,0
90000044-DS-3,90000044,1,1,0,0,0
90000044-DS-4,90000044,1,1,0,0,0
90000045-DS-1,90000045,0,0,0,0,0
90000046-DS-1,90000046,1,0,0,0,1
90000047-DS-1,90000047,1,1,1,0,1
90000047-DS-2,90000047,1,1,1,0,0
90000047-DS-3,90000047,1,1,1,0,0
90000048-DS-1,90000048,0,0,0,0,0
90000049-DS-1,90000049,0,0,0,0,0
90000049-DS-2,90000049,0,0,0,0,0
90000050-DS-1,90000050,1,0,0,0,0
90000050-DS-2,90000050,1,0,0,0,0
90000050-DS-3,90000050,1,0,0,0,0
90000050-DS-4,90000050,1,0,0,0,0
90000050-DS-5,90000050,1,0,0,0,0
90000050-DS-6,90000050,1,0,0,0,0
90000050-DS-7,90000050,1,0,0,0,0
90000050-DS-8,90000050,1,0,0,0,0
90000051-DS-1,90000051,0,0,0,0,0
90000051-DS-2,90000051,0,0,0,0,0
90000051-DS-3,90000051,0,0,0,0,0
90000051-DS-4,90000051,0,0,0,0,0
90000051-DS-5,90000051,0,0,0,0,1
90000051-DS-6,90000051,0,0,0,0,0
90000052-DS-1,90000052,1,0,0,0,0
90000053-DS-1,90000053,0,0,0,0,0
90000054-DS-1,90000054,0,0,0,0,0
90000055-DS-1,90000055,0,1,0,0,0
90000056-DS-1,90000056,1,0,0,0,1
90000057-DS-1,90000057,0,0,0,0,0
90000057-DS-2,90000057,0,0,0,0,0
90000057-DS-3,90000057,0,0,0,0,0
90000057-DS-4,90000057,0,0,0,0,0
90000057-DS-5,90000057,0,0,0,0,0
90000058-DS-1,90000058,0,0,0,0,0
90000059-DS-1,90000059,0,1,1,1,1
90000060-DS-1,90000060,1,0,0,0,0
90000061-DS-1,90000061,0,0,0,0,0
90000062-DS-1,90000062,1,0,1,0,0
90000062-DS-2,90000062,1,0,1,0,1
90000063-DS-1,90000063,0,0,1,0,1
90000064-DS-1,90000064,1,0,0,0,0
90000065-DS-1,90000065,1,0,0,0,0
90000066-DS-1,90000066,0,0,0,0,0
90000066-DS-2,90000066,0,0,0,0,0
90000066-DS-3,90000066,0,0,0,0,1
90000066-DS-4,90000066,0,0,0,0,0
90000067-DS-1,90000067,0,0,0,0,0
90000068-DS-1,90000068,0,0,0,0,0
90000069-DS-1,90000069,0,0,1,1,0
90000070-DS-1,90000070,0,0,0,0,0
90000071-DS-1,90000071,0,0,0,0,0
90000072-DS-1,90000072,0,0,0,0,0
90000073-DS-1,90000073,0,0,0,0,0
90000074-DS-1,90000074,1,0,1,0,0
90000075-DS-1,90000075,1,1,1,0,1
90000075-DS-2,90000075,1,1,1,0,0
90000075-DS-3,90000075,1,1,1,0,0
90000075-DS-4,90000075,1,1,1,0,1
90000075-DS-5,90000075,1,1,1,0,0
90000075-DS-6,90000075,1,1,1,0,1
90000076-DS-1,90000076,0,0,1,0,0
90000077-DS-1,90000077,0,0,0,1,1
90000078-DS-1,90000078,1,1,0,0,0
90000079-DS-1,90000079,0,0,0,0,0
90000080-DS-1,90000080,0,0,0,0,0
90000081-DS-1,90000081,1,0,0,0,1
90000081-DS-2,90000081,1,0,0,0,0
90000081-DS-3,90000081,1,0,0,0,0
90000082-DS-1,90000082,0,0,0,0,0
90000083-DS-1,90000083,0,0,0,1,0
90000083-DS-2,90000083,0,0,0,1,0
90000083-DS-3,90000083,0,0,0,1,0
90000083-DS-4,90000083,0,0,0,1,0
90000083-DS-5,90000083,0,0,0,1,0
90000083-DS-6,90000083,0,0,0,1,1
90000084-DS-1,90000084,0,0,0,0,0
90000084-DS-2,90000084,0,0,0,0,0
90000084-DS-3,90000084,0,0,0,0,0
90000084-DS-4,90000084,0,0,0,0,0
90000084-DS-5,90000084,0,0,0,0,0
90000085-DS-1,90000085,0,0,0,0,0
90000086-DS-1,90000086,0,0,1,1,0
90000087-DS-1,90000087,0,1,0,0,0
90000087-DS-2,90000087,0,1,0,0,0
90000087-DS-3,90000087,0,1,0,0,1
90000088-DS-1,90000088,0,0,0,0,0
90000088-DS-2,90000088,0,0,0,0,0
90000088-DS-3,90000088,0,0,0,0,0
90000088-DS-4,90000088,0,0,0,0,0
90000088-DS-5,90000088,0,0,0,0,0
90000089-DS-1,90000089,0,0,0,0,0
90000090-DS-1,90000090,0,0,0,0,0
90000091-DS-1,90000091,0,0,0,0,0
90000091-DS-2,90000091,0,0,0,0,0
90000092-DS-1,90000092,0,1,0,1,1
